main_category,sub_category,sub_to_sub_category
Agri and Gardening,Fertilizers,Compost
Agri and Gardening,Fertilizers,Organic Manure
Agri and Gardening,Fertilizers,Organic Fertilizers
Agri and Gardening,Fertilizers,Chemical Fertilizers
Agri and Gardening,Fertilizers,NPK Fertilizers
Agri and Gardening,Fertilizers,Liquid Fertilizers
Agri and Gardening,Fertilizers,Vermicompost
Agri and Gardening,Garden Decor,Garden Decor
Agri and Gardening,Garden Decor,Garden Statues
Agri and Gardening,Garden Decor,Garden Ornaments
Agri and Gardening,Garden Decor,Bird Baths
Agri and Gardening,Garden Decor,Garden Fountains
Agri and Gardening,Garden Decor,Garden Lights
Agri and Gardening,Garden Netting,Garden Netting
Agri and Gardening,Garden Netting,Bird Netting
Agri and Gardening,Garden Netting,Insect Netting
Agri and Gardening,Garden Netting,Shade Netting
Agri and Gardening,Garden Netting,Plant Support Netting
Agri and Gardening,Garden Soil,Potting Mix
Agri and Gardening,Garden Soil,Garden Soil
Agri and Gardening,Garden Soil,Cocopeat
Agri and Gardening,Garden Soil,Vermiculite
Agri and Gardening,Garden Soil,Perlite
Agri and Gardening,Garden Soil,Soil Fertilizers
Agri and Gardening,Gardening Tools,Garden Hand Tools
Agri and Gardening,Gardening Tools,Garden Hoses
Agri and Gardening,Gardening Tools,Gardening Gloves
Agri and Gardening,Gardening Tools,Pruning Tools
Agri and Gardening,Gardening Tools,Sprayers
Agri and Gardening,Gardening Tools,Watering Cans
Agri and Gardening,Gardening Tools,Trowels
Agri and Gardening,Gardening Tools,Pruners/Secateurs
Agri and Gardening,Gardening Tools,Garden Forks
Agri and Gardening,Gardening Tools,Rakes
Agri and Gardening,Gardening Tools,Shovels
Agri and Gardening,Gardening Tools,Cultivators
Agri and Gardening,Greenhouse Accessories,Greenhouse Accessories
Agri and Gardening,Greenhouse Accessories,Greenhouse Covers
Agri and Gardening,Greenhouse Accessories,Greenhouse Frames
Agri and Gardening,Greenhouse Accessories,Plant Trays
Agri and Gardening,Greenhouse Accessories,Shade Nets
Agri and Gardening,Irrigation Equipment,Drip Irrigation
Agri and Gardening,Irrigation Equipment,Sprinklers
Agri and Gardening,Irrigation Equipment,Drip Irrigation Kits
Agri and Gardening,Irrigation Equipment,Micro Irrigation
Agri and Gardening,Irrigation Equipment,Irrigation Pipes
Agri and Gardening,Irrigation Equipment,Hose Connectors
Agri and Gardening,Lawn Care,Lawn Care
Agri and Gardening,Lawn Care,Grass Seeds
Agri and Gardening,Lawn Care,Lawn Fertilizers
Agri and Gardening,Lawn Care,Weed Control
Agri and Gardening,Lawn Care,Lawn Mowers
Agri and Gardening,Lawn Care,Lawn Edgers
Agri and Gardening,Pesticides,Fungicides
Agri and Gardening,Pesticides,Insecticides
Agri and Gardening,Pesticides,Weed Control
Agri and Gardening,Pesticides,Herbicides
Agri and Gardening,Pesticides,Organic Pesticides
Agri and Gardening,Plant Saplings,Plant Saplings
Agri and Gardening,Plant Saplings,Flower Plants
Agri and Gardening,Plant Saplings,Fruit Plants
Agri and Gardening,Plant Saplings,Vegetable Plants
Agri and Gardening,Plant Saplings,Indoor Plants
Agri and Gardening,Plant Stands,Plant Stands
Agri and Gardening,Plant Supports,Plant Supports
Agri and Gardening,Pots & Planters,Pots & Planters
Agri and Gardening,Pots & Planters,Plastic Pots
Agri and Gardening,Pots & Planters,Ceramic Pots
Agri and Gardening,Pots & Planters,Hanging Planters
Agri and Gardening,Pots & Planters,Grow Bags
Agri and Gardening,Pots & Planters,Self-Watering Planters
Agri and Gardening,Seeds,Flower Seeds
Agri and Gardening,Seeds,Herb Seeds
Agri and Gardening,Seeds,Vegetable Seeds
Agri and Gardening,Seeds,Fruit Seeds
Arts and Crafts,Art Easels,Art Easels
Arts and Crafts,Art Easels,Table Easels
Arts and Crafts,Art Easels,Floor Easels
Arts and Crafts,Art Easels,Display Easels
Arts and Crafts,Art Easels,Portable Easels
Arts and Crafts,Art Supplies,Art Supplies
Arts and Crafts,Art Supplies,Paint Sets
Arts and Crafts,Art Supplies,Paint Brushes
Arts and Crafts,Art Supplies,Palettes
Arts and Crafts,Art Supplies,Canvas
Arts and Crafts,Art Supplies,Drawing Boards
Arts and Crafts,Beads,Beads
Arts and Crafts,Beads,Glass Beads
Arts and Crafts,Beads,Wooden Beads
Arts and Crafts,Beads,Acrylic Beads
Arts and Crafts,Beads,Seed Beads
Arts and Crafts,Beads,Pearl Beads
Arts and Crafts,Calligraphy Supplies,Calligraphy Supplies
Arts and Crafts,Calligraphy Supplies,Calligraphy Pens
Arts and Crafts,Calligraphy Supplies,Nibs
Arts and Crafts,Calligraphy Supplies,Ink
Arts and Crafts,Calligraphy Supplies,Calligraphy Sets
Arts and Crafts,Clay & Moulding,Clay & Moulding
Arts and Crafts,Clay & Moulding,Modelling Clay
Arts and Crafts,Clay & Moulding,Polymer Clay
Arts and Crafts,Clay & Moulding,Clay Tools
Arts and Crafts,Clay & Moulding,Moulds
Arts and Crafts,Craft Kits,DIY Kits
Arts and Crafts,Craft Kits,DIY Craft Kits
Arts and Crafts,Craft Kits,Kids Craft Kits
Arts and Crafts,Craft Kits,Jewellery Making Kits
Arts and Crafts,Craft Kits,Embroidery Kits
Arts and Crafts,Craft Paper,Origami Paper
Arts and Crafts,Craft Paper,Scrapbook Paper
Arts and Crafts,Craft Paper,Handmade Paper
Arts and Crafts,Craft Paper,Cardstock
Arts and Crafts,Craft Tools,Cutting Tools
Arts and Crafts,Craft Tools,Glue & Adhesives
Arts and Crafts,Craft Tools,Stencils
Arts and Crafts,Craft Tools,Punches
Arts and Crafts,Craft Tools,Scissors
Arts and Crafts,Craft Tools,Glue Guns
Arts and Crafts,Drawing Materials,Acrylic Colors
Arts and Crafts,Drawing Materials,Canvas
Arts and Crafts,Drawing Materials,Color Pencils
Arts and Crafts,Drawing Materials,Crayons
Arts and Crafts,Drawing Materials,Drawing Sheets
Arts and Crafts,Drawing Materials,Markers
Arts and Crafts,Drawing Materials,Oil Colors
Arts and Crafts,Drawing Materials,Paint Brushes
Arts and Crafts,Drawing Materials,Poster Colors
Arts and Crafts,Drawing Materials,Sketch Pens
Arts and Crafts,Drawing Materials,Water Colors
Arts and Crafts,Drawing Materials,Oil Pastels
Arts and Crafts,Drawing Materials,Drawing Pencils
Arts and Crafts,Drawing Materials,Charcoal
Arts and Crafts,Glitter,Glitter
Arts and Crafts,Kids Art & Craft,Kids Art & Craft
Arts and Crafts,Quilling,Quilling
Arts and Crafts,Scrapbooking,Scrapbooking
Arts and Crafts,Sequins,Sequins
Artificial Flowers and Plants,Artificial Flowers,Artificial Bouquets
Artificial Flowers and Plants,Artificial Flowers,Artificial Garlands
Artificial Flowers and Plants,Artificial Flowers,Decorative Flowers
Artificial Flowers and Plants,Artificial Flowers,Festival Flowers
Artificial Flowers and Plants,Artificial Flowers,Flower Arrangements
Artificial Flowers and Plants,Artificial Flowers,Flower Sticks
Artificial Flowers and Plants,Artificial Flowers,Wedding Flowers
Artificial Flowers and Plants,Artificial Grass,Artificial Grass
Artificial Flowers and Plants,Artificial Plant Pots,Artificial Plant Pots
Artificial Flowers and Plants,Artificial Plants,Artificial Bonsai
Artificial Flowers and Plants,Artificial Plants,Artificial Cactus
Artificial Flowers and Plants,Artificial Plants,Artificial Leaves
Artificial Flowers and Plants,Artificial Plants,Artificial Succulents
Artificial Flowers and Plants,Artificial Plants,Artificial Vines
Artificial Flowers and Plants,Artificial Plants,Hanging Plants
Artificial Flowers and Plants,Artificial Plants,Wall Hanging Plants
Artificial Flowers and Plants,Flower Vases,Flower Vases
Artificial Flowers and Plants,Flower Vases,Glass Vases
Artificial Flowers and Plants,Flower Vases,Ceramic Vases
Artificial Flowers and Plants,Flower Vases,Decorative Vases
Artificial Flowers and Plants,Flower Vases,Floor Vases
Artificial Flowers and Plants,Plant Stands,Plant Stands
Auto Accessories,Bike Accessories,Bike Covers
Auto Accessories,Bike Accessories,Bike Riding Gear
Auto Accessories,Bike Accessories,Helmet Accessories
Auto Accessories,Bike Accessories,Mobile Holders
Auto Accessories,Bike Accessories,Bike Mirrors
Auto Accessories,Bike Accessories,USB Chargers
Auto Accessories,Bike Accessories,Saddle Bags
Auto Accessories,Car Accessories,Car Accessories
Auto Accessories,Car Accessories,Car Organizers
Auto Accessories,Car Accessories,Car Chargers
Auto Accessories,Car Accessories,Mobile Holders
Auto Accessories,Car Accessories,Seat Covers
Auto Accessories,Car Accessories,Sun Shades
Auto Accessories,Car Care,Car Cleaning
Auto Accessories,Car Care,Car Shampoo
Auto Accessories,Car Care,Car Polish
Auto Accessories,Car Care,Car Wax
Auto Accessories,Car Care,Microfiber Cloths
Auto Accessories,Car Care,Tyre Polish
Auto Accessories,Car Exterior Accessories,Car Covers
Auto Accessories,Car Exterior Accessories,Dash Cameras
Auto Accessories,Car Exterior Accessories,Horn
Auto Accessories,Car Exterior Accessories,LED Lights
Auto Accessories,Car Exterior Accessories,Parking Sensors
Auto Accessories,Car Exterior Accessories,Reverse Cameras
Auto Accessories,Car Exterior Accessories,Wiper Blades
Auto Accessories,Car Exterior Accessories,Mud Flaps
Auto Accessories,Car Exterior Accessories,Number Plate Frames
Auto Accessories,Car Exterior Accessories,Door Guards
Auto Accessories,Car Interior Accessories,Air Fresheners
Auto Accessories,Car Interior Accessories,Car Chargers
Auto Accessories,Car Interior Accessories,Car Organizers
Auto Accessories,Car Interior Accessories,Car Sun Shades
Auto Accessories,Car Interior Accessories,Floor Mats
Auto Accessories,Car Interior Accessories,Gear Knobs
Auto Accessories,Car Interior Accessories,Mobile Holders
Auto Accessories,Car Interior Accessories,Seat Covers
Auto Accessories,Car Interior Accessories,Steering Covers
Auto Accessories,Car Interior Accessories,Seat Cushions
Auto Accessories,Jump Starters,Jump Starters
Auto Accessories,Jump Starters,Portable Jump Starters
Auto Accessories,Jump Starters,Battery Boosters
Auto Accessories,Jump Starters,Jump Starter Cables
Auto Accessories,Tool Kits,Tool Kits
Auto Accessories,Tool Kits,Car Tool Kits
Auto Accessories,Tool Kits,Bike Tool Kits
Auto Accessories,Tool Kits,Emergency Tool Kits
Auto Accessories,Tool Kits,Tool Boxes
Auto Accessories,Tyre Accessories,Inflators
Auto Accessories,Tyre Accessories,Puncture Repair
Auto Accessories,Tyre Accessories,Tyre Repair Kits
Auto Accessories,Tyre Accessories,Pressure Gauges
Auto Accessories,Tyre Accessories,Tyre Valves
Auto Accessories,Tyre Accessories,Tyres
Baby Care,Baby Bath & Skin Care,Baby Lotion & Creams
Baby Care,Baby Bath & Skin Care,Baby Massage Oils
Baby Care,Baby Bath & Skin Care,Baby Powder
Baby Care,Baby Bath & Skin Care,Baby Shampoo
Baby Care,Baby Bath & Skin Care,Baby Soaps
Baby Care,Baby Bath & Skin Care,Baby Lotion
Baby Care,Baby Bath & Skin Care,Baby Soap
Baby Care,Baby Bath & Skin Care,Baby Oil
Baby Care,Baby Bedding,Baby Blankets
Baby Care,Baby Bedding,Baby Mosquito Nets
Baby Care,Baby Bedding,Baby Pillows
Baby Care,Baby Bedding,Baby Bedding Sets
Baby Care,Baby Bedding,Baby Mats
Baby Care,Baby Cots & Cradles,Baby Cots & Cradles
Baby Care,Baby Diapering & Wipes,Baby Wipes
Baby Care,Baby Diapering & Wipes,Diaper Changing Mats
Baby Care,Baby Diapering & Wipes,Nappy Pads
Baby Care,Baby Diapering & Wipes,Potty Training
Baby Care,Baby Diapering & Wipes,Disposable Diapers
Baby Care,Baby Diapering & Wipes,Cloth Diapers
Baby Care,Baby Diapering & Wipes,Diaper Pants
Baby Care,Baby Diapering & Wipes,Diaper Rash Cream
Baby Care,Baby Feeding Bottles,Bottle Accessories
Baby Care,Baby Feeding Bottles,Bottle Cleaners
Baby Care,Baby Feeding Bottles,Breast Pumps
Baby Care,Baby Feeding Bottles,Sterilizers & Warmers
Baby Care,Baby Feeding Bottles,Feeding Bottles
Baby Care,Baby Feeding Bottles,Bottle Sterilizers
Baby Care,Baby Feeding Bottles,Bottle Warmers
Baby Care,Baby Grooming,Baby Hair Brushes
Baby Care,Baby Grooming,Baby Nail Clippers
Baby Care,Baby Grooming,Baby Oral Care
Baby Care,Baby Grooming,Baby Combs
Baby Care,Baby Grooming,Grooming Kits
Baby Care,Baby Monitors,Baby Monitors
Baby Care,Baby Safety,Baby Safety Gates
Baby Care,Baby Safety,Safety Gates
Baby Care,Baby Safety,Bed Rails
Baby Care,Baby Safety,Corner Guards
Baby Care,Baby Safety,Socket Covers
Baby Care,Baby Strollers & Prams,Baby Car Seats
Baby Care,Baby Strollers & Prams,Baby Carriers
Baby Care,Baby Strollers & Prams,Baby Walkers
Baby Care,Baby Strollers & Prams,Strollers
Baby Care,Baby Strollers & Prams,Prams
Baby Care,Baby Strollers & Prams,Travel Systems
Baby Care,Baby Toys,Baby Toys
Baby Care,Baby Toys,Rattles
Baby Care,Baby Toys,Teethers
Baby Care,Baby Toys,Musical Toys
Baby Care,Baby Toys,Activity Toys
Baby Care,Baby Toys,Bath Toys
Bath Fittings,Bath Tubs,Bath Tubs
Bath Fittings,Bath Tubs,Freestanding Tubs
Bath Fittings,Bath Tubs,Corner Tubs
Bath Fittings,Bath Tubs,Whirlpool Tubs
Bath Fittings,Bathroom Accessories,Bathroom Hooks
Bath Fittings,Bathroom Accessories,Bathroom Mirrors
Bath Fittings,Bathroom Accessories,Bathroom Shelves
Bath Fittings,Bathroom Accessories,Bathroom Stools
Bath Fittings,Bathroom Accessories,Soap Dishes
Bath Fittings,Bathroom Accessories,Toothbrush Holders
Bath Fittings,Bathroom Accessories,Towel Racks
Bath Fittings,Bathroom Accessories,Towel Rings
Bath Fittings,Bathroom Accessories,Hooks
Bath Fittings,Bathroom Sinks,Wash Basins
Bath Fittings,Bathroom Sinks,Countertop Basins
Bath Fittings,Bathroom Sinks,Pedestal Basins
Bath Fittings,Bathroom Sinks,Corner Basins
Bath Fittings,Showers,Hand Showers
Bath Fittings,Showers,Overhead Showers
Bath Fittings,Showers,Shower Panels
Bath Fittings,Showers,Shower Heads
Bath Fittings,Taps & Faucets,Basin Mixers
Bath Fittings,Taps & Faucets,Health Faucets
Bath Fittings,Taps & Faucets,Pillar Taps
Bath Fittings,Taps & Faucets,Shower Mixers
Bath Fittings,Taps & Faucets,Wall Mixers
Bath Fittings,Taps & Faucets,Kitchen Taps
Bath Fittings,Toilet Accessories,Angle Valves
Bath Fittings,Toilet Accessories,Bottle Traps
Bath Fittings,Toilet Accessories,Floor Drains
Bath Fittings,Toilet Accessories,Flush Tanks
Bath Fittings,Toilet Accessories,Flush Valves
Bath Fittings,Toilet Accessories,Toilet Seats
Bath Fittings,Toilet Accessories,Waste Couplings
Bath Fittings,Toilet Accessories,Toilet Brushes
Bath Fittings,Toilet Accessories,Toilet Paper Holders
Cleaning Products,Air Fresheners,Air Fresheners
Cleaning Products,Air Fresheners,Room Sprays
Cleaning Products,Air Fresheners,Gel Fresheners
Cleaning Products,Air Fresheners,Car Fresheners
Cleaning Products,Air Fresheners,Electric Diffusers
Cleaning Products,Dishwashing Liquids,Dishwashing Bars
Cleaning Products,Dishwashing Liquids,Dishwashing Liquids
Cleaning Products,Dishwashing Liquids,Dishwasher Tablets
Cleaning Products,Dishwashing Liquids,Scrubbers
Cleaning Products,Floor Cleaners,All Purpose Cleaners
Cleaning Products,Floor Cleaners,Bathroom Cleaners
Cleaning Products,Floor Cleaners,Disinfectants
Cleaning Products,Floor Cleaners,Drain Cleaners
Cleaning Products,Floor Cleaners,Glass Cleaners
Cleaning Products,Floor Cleaners,Kitchen Cleaners
Cleaning Products,Floor Cleaners,Surface Cleaners
Cleaning Products,Floor Cleaners,Toilet Cleaners
Cleaning Products,Floor Cleaners,Floor Disinfectants
Cleaning Products,Floor Cleaners,Tile Cleaners
Cleaning Products,Floor Cleaners,Marble Cleaners
Cleaning Products,Garbage Bags,Garbage Bags
Cleaning Products,Garbage Bags,Small Garbage Bags
Cleaning Products,Garbage Bags,Large Garbage Bags
Cleaning Products,Garbage Bags,Biodegradable Bags
Cleaning Products,Garbage Bags,Drawstring Bags
Cleaning Products,Home Cleaning Sets,Brooms
Cleaning Products,Home Cleaning Sets,Brushes
Cleaning Products,Home Cleaning Sets,Cleaning Cloths
Cleaning Products,Home Cleaning Sets,Cleaning Gloves
Cleaning Products,Home Cleaning Sets,Dusters
Cleaning Products,Home Cleaning Sets,Dustpans
Cleaning Products,Home Cleaning Sets,Mop Refills
Cleaning Products,Home Cleaning Sets,Mops
Cleaning Products,Home Cleaning Sets,Scrub Pads
Cleaning Products,Home Cleaning Sets,Scrubbers
Cleaning Products,Home Cleaning Sets,Wipers
Cleaning Products,Home Cleaning Sets,Cleaning Brush Sets
Cleaning Products,Laundry Detergents,Fabric Softeners
Cleaning Products,Laundry Detergents,Liquid Detergents
Cleaning Products,Laundry Detergents,Stain Removers
Cleaning Products,Laundry Detergents,Washing Powders
Cosmetics,Body Care,Body Care
Cosmetics,Body Care,Body Wash
Cosmetics,Body Care,Body Scrubs
Cosmetics,Body Care,Body Lotion
Cosmetics,Body Care,Hand Cream
Cosmetics,Body Care,Foot Care
Cosmetics,Face Makeup,Blush
Cosmetics,Face Makeup,Bronzer
Cosmetics,Face Makeup,Compact Powder
Cosmetics,Face Makeup,Concealer
Cosmetics,Face Makeup,Foundation
Cosmetics,Face Makeup,Highlighter
Cosmetics,Face Makeup,Makeup Primer
Cosmetics,Face Makeup,Makeup Remover
Cosmetics,Fragrances,Deodorants
Cosmetics,Fragrances,Perfumes
Cosmetics,Fragrances,Body Mists
Cosmetics,Fragrances,Attars
Cosmetics,Grooming,Grooming
Cosmetics,Grooming,Shaving
Cosmetics,Grooming,Beard Care
Cosmetics,Grooming,Trimmers
Cosmetics,Grooming,Grooming Kits
Cosmetics,Hair Care,Hair Care
Cosmetics,Hair Care,Shampoo
Cosmetics,Hair Care,Conditioner
Cosmetics,Hair Care,Hair Oil
Cosmetics,Hair Care,Hair Serum
Cosmetics,Hair Care,Hair Masks
Cosmetics,Makeup,Eyeliner
Cosmetics,Makeup,Eyeshadow
Cosmetics,Makeup,Kajal
Cosmetics,Makeup,Lip Gloss
Cosmetics,Makeup,Lip Liner
Cosmetics,Makeup,Lipstick
Cosmetics,Makeup,Makeup Brushes
Cosmetics,Makeup,Makeup Sponges
Cosmetics,Makeup,Mascara
Cosmetics,Makeup,Nail Care
Cosmetics,Makeup,Nail Polish
Cosmetics,Skin Care,Face Creams
Cosmetics,Skin Care,Face Masks
Cosmetics,Skin Care,Face Wash
Cosmetics,Skin Care,Moisturizers
Cosmetics,Skin Care,Serums
Cosmetics,Skin Care,Sunscreen
Electronics,Cameras,Action Cameras
Electronics,Cameras,Camera Accessories
Electronics,Cameras,Digital Cameras
Electronics,Cameras,DSLR Cameras
Electronics,Computer Accessories,Keyboards
Electronics,Computer Accessories,Mouse
Electronics,Computer Accessories,Webcams
Electronics,Computer Accessories,USB Hubs
Electronics,Computer Accessories,Laptop Stands
Electronics,Gaming Accessories,Gaming Accessories
Electronics,Gaming Accessories,Gaming Mouse
Electronics,Gaming Accessories,Gaming Keyboards
Electronics,Gaming Accessories,Gaming Headsets
Electronics,Gaming Accessories,Controllers
Electronics,Headphones,Earphones
Electronics,Headphones,True Wireless Earbuds
Electronics,Headphones,TWS Earbuds
Electronics,Headphones,Over-Ear Headphones
Electronics,Headphones,Neckbands
Electronics,Laptops,Laptops
Electronics,Mobile Accessories,Mobile Accessories
Electronics,Mobile Accessories,Mobile Cases
Electronics,Mobile Accessories,Screen Protectors
Electronics,Mobile Accessories,Chargers
Electronics,Mobile Accessories,Cables
Electronics,Mobile Accessories,Car Mounts
Electronics,Power Banks,Power Banks
Electronics,Printers,Printers
Electronics,Scanners,Scanners
Electronics,Smart Devices,Smart Devices
Electronics,Smart Devices,Smart Plugs
Electronics,Smart Devices,Smart Bulbs
Electronics,Smart Devices,Smart Speakers
Electronics,Smart Devices,Smart Sensors
Electronics,Speakers,Bluetooth Speakers
Electronics,Speakers,Home Theatre
Electronics,Speakers,Soundbars
Electronics,Storage Devices,Hard Drives
Electronics,Storage Devices,Memory Cards
Electronics,Storage Devices,Pen Drives
Electronics,Storage Devices,SSDs
Electronics,Tablets,Tablets
Electronics,Televisions,LED TVs
Electronics,Televisions,Smart TVs
Electronics,Televisions,QLED TVs
Electronics,Televisions,OLED TVs
Electrical and Lights,Ceiling Lights,Chandeliers
Electrical and Lights,Ceiling Lights,Pendant Lights
Electrical and Lights,Ceiling Lights,Wall Lights
Electrical and Lights,Ceiling Lights,LED Ceiling Lights
Electrical and Lights,Ceiling Lights,Panel Lights
Electrical and Lights,Decorative Lights,Floor Lamps
Electrical and Lights,Decorative Lights,Night Lamps
Electrical and Lights,Decorative Lights,Smart Lights
Electrical and Lights,Decorative Lights,String Lights
Electrical and Lights,Decorative Lights,Table Lamps
Electrical and Lights,Decorative Lights,Fairy Lights
Electrical and Lights,Electrical Wires,Cables
Electrical and Lights,Electrical Wires,Distribution Boards
Electrical and Lights,Electrical Wires,MCB
Electrical and Lights,Electrical Wires,House Wires
Electrical and Lights,Electrical Wires,Flexible Wires
Electrical and Lights,Electrical Wires,Coaxial Cables
Electrical and Lights,Emergency Lights,Flood Lights
Electrical and Lights,Emergency Lights,Outdoor Lights
Electrical and Lights,Emergency Lights,Street Lights
Electrical and Lights,Emergency Lights,Torch Lights
Electrical and Lights,Emergency Lights,Rechargeable Emergency Lights
Electrical and Lights,Emergency Lights,Lanterns
Electrical and Lights,Extension Boards,Adapters
Electrical and Lights,Extension Boards,Power Strips
Electrical and Lights,Extension Boards,Extension Cords
Electrical and Lights,Extension Boards,Surge Protectors
Electrical and Lights,Fans,Exhaust Fans
Electrical and Lights,Fans,Ceiling Fans
Electrical and Lights,Fans,Table Fans
Electrical and Lights,Fans,Wall Fans
Electrical and Lights,LED Bulbs,LED Panels
Electrical and Lights,LED Bulbs,LED Tubelights
Electrical and Lights,LED Bulbs,LED Bulbs
Electrical and Lights,LED Bulbs,Smart Bulbs
Electrical and Lights,LED Bulbs,Tube Lights
Electrical and Lights,Switches,Modular Switches
Electrical and Lights,Switches,Sockets
Electrical and Lights,Switches,Smart Switches
Electrical and Lights,Switches,Dimmer Switches
Electrical and Lights,Switches,Switch Plates
Furniture,Beds,Bunk Beds
Furniture,Beds,King Size Beds
Furniture,Beds,Mattresses
Furniture,Beds,Queen Size Beds
Furniture,Beds,Single Beds
Furniture,Beds,Storage Beds
Furniture,Chairs,Benches
Furniture,Chairs,Dining Chairs
Furniture,Chairs,Gaming Chairs
Furniture,Chairs,Office Chairs
Furniture,Chairs,Stools
Furniture,Chairs,Folding Chairs
Furniture,Outdoor Furniture,Outdoor Furniture
Furniture,Outdoor Furniture,Garden Chairs
Furniture,Outdoor Furniture,Garden Tables
Furniture,Outdoor Furniture,Swings
Furniture,Outdoor Furniture,Outdoor Sofas
Furniture,Plastic Furniture,Plastic Furniture
Furniture,Sofas,Recliners
Furniture,Sofas,Sofa Beds
Furniture,Sofas,Sofa Sets
Furniture,Sofas,Sectional Sofas
Furniture,Tables,Coffee Tables
Furniture,Tables,Dining Tables
Furniture,Tables,Office Tables
Furniture,Tables,Side Tables
Furniture,Tables,Study Tables
Furniture,Wardrobes,Bookshelves
Furniture,Wardrobes,Cabinets
Furniture,Wardrobes,Shoe Racks
Furniture,Wardrobes,Storage Units
Furniture,Wardrobes,TV Units
Furniture,Wardrobes,Storage Cabinets
Furniture,Wardrobes,Wooden Wardrobes
Furniture,Wardrobes,Plastic Wardrobes
Fashion Jewellery,Anklets,Anklets
Fashion Jewellery,Artificial Jewellery,Kundan Jewellery
Fashion Jewellery,Artificial Jewellery,Meenakari Jewellery
Fashion Jewellery,Artificial Jewellery,Oxidised Jewellery
Fashion Jewellery,Artificial Jewellery,Pearl Jewellery
Fashion Jewellery,Artificial Jewellery,Gold-Plated Jewellery
Fashion Jewellery,Artificial Jewellery,Temple Jewellery
Fashion Jewellery,Artificial Jewellery,CZ Jewellery
Fashion Jewellery,Body Jewellery,Body Jewellery
Fashion Jewellery,Body Jewellery,Bangles
Fashion Jewellery,Body Jewellery,Cuffs
Fashion Jewellery,Body Jewellery,Charm Bracelets
Fashion Jewellery,Body Jewellery,Chain Bracelets
Fashion Jewellery,Bridal Jewellery,Bridal Jewellery
Fashion Jewellery,Brooches,Brooches
Fashion Jewellery,Charms,Charms
Fashion Jewellery,Earrings,Hoop Earrings
Fashion Jewellery,Earrings,Jhumkas
Fashion Jewellery,Earrings,Stud Earrings
Fashion Jewellery,Earrings,Drop Earrings
Fashion Jewellery,Hair Accessories,Hair Accessories
Fashion Jewellery,Hair Accessories,Hair Clips
Fashion Jewellery,Hair Accessories,Hair Bands
Fashion Jewellery,Hair Accessories,Scrunchies
Fashion Jewellery,Hair Accessories,Hair Pins
Fashion Jewellery,Jewellery Boxes,Jewellery Organizers
Fashion Jewellery,Jewellery Boxes,Travel Jewellery Cases
Fashion Jewellery,Jewellery Boxes,Jewellery Stands
Fashion Jewellery,Jewellery Sets,Jewellery Sets
Fashion Jewellery,Kamarband,Kamarband
Fashion Jewellery,Kids Jewellery,Kids Jewellery
Fashion Jewellery,Maang Tikka,Maang Tikka
Fashion Jewellery,Necklaces,Chains
Fashion Jewellery,Necklaces,Chokers
Fashion Jewellery,Necklaces,Mangalsutra
Fashion Jewellery,Necklaces,Pendant Sets
Fashion Jewellery,Necklaces,Pendant Necklaces
Fashion Jewellery,Necklaces,Layered Necklaces
Fashion Jewellery,Rings,Nose Rings
Fashion Jewellery,Rings,Adjustable Rings
Fashion Jewellery,Rings,Cocktail Rings
Fashion Jewellery,Rings,Fashion Rings
Footwear,Kids Footwear,Boys Footwear
Footwear,Kids Footwear,Girls Footwear
Footwear,Kids Footwear,Infant Footwear
Footwear,Kids Footwear,School Shoes
Footwear,Men's Footwear,Men's Ethnic Shoes
Footwear,Men's Footwear,Men's Formal Shoes
Footwear,Men's Footwear,Men's Sandals
Footwear,Men's Footwear,Men's Slippers & Flip Flops
Footwear,Men's Footwear,Men's Sneakers
Footwear,Men's Footwear,Men's Sports Shoes
Footwear,Men's Footwear,Sneakers
Footwear,Men's Footwear,Loafers
Footwear,Men's Footwear,Casual Shoes
Footwear,Men's Footwear,Canvas Shoes
Footwear,Shoe Care,Insoles
Footwear,Shoe Care,Shoe Accessories
Footwear,Shoe Care,Shoe Laces
Footwear,Shoe Care,Shoe Polish
Footwear,Shoe Care,Shoe Cleaning Kits
Footwear,Shoe Care,Shoe Trees
Footwear,Sports Footwear,Sports Shoes
Footwear,Sports Footwear,Running Shoes
Footwear,Sports Footwear,Trekking Shoes
Footwear,Sports Footwear,Walking Shoes
Footwear,Sports Footwear,Training Shoes
Footwear,Women's Footwear,Women's Ballerinas
Footwear,Women's Footwear,Women's Ethnic Shoes
Footwear,Women's Footwear,Women's Formal Shoes
Footwear,Women's Footwear,Women's Heels
Footwear,Women's Footwear,Women's Sandals
Footwear,Women's Footwear,Women's Slippers & Flip Flops
Footwear,Women's Footwear,Women's Sneakers
Footwear,Women's Footwear,Women's Sports Shoes
Footwear,Women's Footwear,Women's Wedges
Footwear,Women's Footwear,Ballerinas
Footwear,Women's Footwear,Loafers
Footwear,Women's Footwear,Mules
Footwear,Women's Footwear,Casual Flats
Gifts & Frames,Decorative Showpieces,Decorative Showpieces
Gifts & Frames,Gift Sets & Greeting Cards,Corporate Gifts
Gifts & Frames,Gift Sets & Greeting Cards,Gift Boxes
Gifts & Frames,Gift Sets & Greeting Cards,Greeting Cards
Gifts & Frames,Gift Sets & Greeting Cards,Personalised Gift Sets
Gifts & Frames,Gift Sets & Greeting Cards,Couple Gift Sets
Gifts & Frames,Personalized Gifts,Cushions
Gifts & Frames,Personalized Gifts,Diaries
Gifts & Frames,Personalized Gifts,Keychains
Gifts & Frames,Personalized Gifts,Mugs
Gifts & Frames,Personalized Gifts,Pens
Gifts & Frames,Personalized Gifts,Photo Gifts
Gifts & Frames,Personalized Gifts,T-Shirts
Gifts & Frames,Photo Albums,Scrapbooks
Gifts & Frames,Photo Albums,Photo Albums
Gifts & Frames,Photo Albums,Memory Books
Gifts & Frames,Photo Frames,Certificate Frames
Gifts & Frames,Photo Frames,Collage Frames
Gifts & Frames,Photo Frames,Digital Photo Frames
Gifts & Frames,Photo Frames,Document Frames
Gifts & Frames,Photo Frames,Painting Frames
Gifts & Frames,Photo Frames,Poster Frames
Gifts & Frames,Photo Frames,Table Frames
Gifts & Frames,Photo Frames,Wall Frames
Gifts & Frames,Photo Frames,Digital Frames
Gifts & Frames,Trophies & Awards,Medals
Gifts & Frames,Trophies & Awards,Trophies
Gifts & Frames,Trophies & Awards,Plaques
Gifts & Frames,Trophies & Awards,Certificates
Gifts & Frames,Wedding & Occasion Gifts,Anniversary Gifts
Gifts & Frames,Wedding & Occasion Gifts,Baby Gifts
Gifts & Frames,Wedding & Occasion Gifts,Birthday Gifts
Gifts & Frames,Wedding & Occasion Gifts,Festive Gifts
Gifts & Frames,Wedding & Occasion Gifts,Couple Gifts
Gifts & Frames,Wedding & Occasion Gifts,Wedding Gift Sets
Hardwares,Adhesives & Tapes,Adhesives
Hardwares,Adhesives & Tapes,Sealants
Hardwares,Adhesives & Tapes,Adhesive Tapes
Hardwares,Adhesives & Tapes,Double-Sided Tapes
Hardwares,Adhesives & Tapes,Insulation Tapes
Hardwares,Adhesives & Tapes,Packaging Tapes
Hardwares,Building Hardware,Building Hardware
Hardwares,Building Hardware,Anchors
Hardwares,Building Hardware,Brackets
Hardwares,Building Hardware,Fasteners
Hardwares,Building Hardware,Nails
Hardwares,Building Hardware,Screws
Hardwares,Clamps,Clamps
Hardwares,Door & Cabinet Handles,Brackets
Hardwares,Door & Cabinet Handles,Cabinet Handles
Hardwares,Door & Cabinet Handles,Hinges
Hardwares,Door & Cabinet Handles,Hooks
Hardwares,Door & Cabinet Handles,Door Handles
Hardwares,Door & Cabinet Handles,Knobs
Hardwares,Door & Cabinet Handles,Pull Handles
Hardwares,Door Locks,Door Stoppers
Hardwares,Door Locks,Latches
Hardwares,Door Locks,Padlocks
Hardwares,Door Locks,Tower Bolts
Hardwares,Door Locks,Mortise Locks
Hardwares,Door Locks,Cylinder Locks
Hardwares,Fasteners,Anchors
Hardwares,Fasteners,Bolts
Hardwares,Fasteners,Nails
Hardwares,Fasteners,Nuts
Hardwares,Fasteners,Rivets
Hardwares,Fasteners,Screws
Hardwares,Fasteners,Washers
Hardwares,Furniture Fittings,Castors & Wheels
Hardwares,Furniture Fittings,Drawer Slides
Hardwares,Furniture Fittings,Castors
Hardwares,Furniture Fittings,Hinges
Hardwares,Furniture Fittings,Handles
Hardwares,Ropes & Chains,Chains
Hardwares,Ropes & Chains,Wire Ropes
Hardwares,Ropes & Chains,Nylon Ropes
Hardwares,Ropes & Chains,Cotton Ropes
Hardwares,Safety Hardware,Safety Hardware
Hardwares,Safety Hardware,Safety Gloves
Hardwares,Safety Hardware,Safety Goggles
Hardwares,Safety Hardware,Safety Helmets
Home Appliances,Air Conditioners,Air Coolers
Home Appliances,Air Conditioners,Fans
Home Appliances,Air Conditioners,Split AC
Home Appliances,Air Conditioners,Window AC
Home Appliances,Air Conditioners,Portable AC
Home Appliances,Air Conditioners,AC Accessories
Home Appliances,Air Purifiers,Air Purifiers
Home Appliances,Air Purifiers,Dehumidifiers
Home Appliances,Air Purifiers,Humidifiers
Home Appliances,Chimneys,Chimneys
Home Appliances,Cooking Appliances,Electric Kettles
Home Appliances,Cooking Appliances,Induction Cooktops
Home Appliances,Cooking Appliances,OTG Ovens
Home Appliances,Cooking Appliances,Microwave Ovens
Home Appliances,Cooking Appliances,Convection Ovens
Home Appliances,Dishwashers,Dishwashers
Home Appliances,Irons,Irons
Home Appliances,Mixer Grinders,Food Processors
Home Appliances,Mixer Grinders,Hand Blenders
Home Appliances,Mixer Grinders,Juicers
Home Appliances,Mixer Grinders,Wet Grinders
Home Appliances,Mixer Grinders,Mixer Grinders
Home Appliances,Refrigerators,Refrigerators
Home Appliances,Room Heaters,Room Heaters
Home Appliances,Sewing Machines,Sewing Machines
Home Appliances,Small Kitchen Appliances,Air Fryers
Home Appliances,Small Kitchen Appliances,Sandwich Makers
Home Appliances,Small Kitchen Appliances,Toasters
Home Appliances,Small Kitchen Appliances,Rice Cookers
Home Appliances,Small Kitchen Appliances,Electric Cookers
Home Appliances,Vacuum Cleaners,Vacuum Cleaners
Home Appliances,Vacuum Cleaners,Upright
Home Appliances,Vacuum Cleaners,Canister
Home Appliances,Vacuum Cleaners,Handheld
Home Appliances,Vacuum Cleaners,Wet & Dry
Home Appliances,Vacuum Cleaners,Robot Vacuum
Home Appliances,Washing Machines,Washing Machines
Home Appliances,Water Heaters,Geysers
Home Appliances,Water Heaters,Instant Water Heaters
Home Appliances,Water Heaters,Storage Water Heaters
Home Appliances,Water Purifiers,RO Purifiers
Home Appliances,Water Purifiers,UV Purifiers
Home Appliances,Water Purifiers,UF Purifiers
Home Appliances,Water Purifiers,RO+UV Purifiers
Home Furnishing,Aprons,Aprons
Home Furnishing,Bed Linen,Bed Covers
Home Furnishing,Bed Linen,Mattress Protectors
Home Furnishing,Bed Linen,Fitted Sheets
Home Furnishing,Bed Linen,Flat Sheets
Home Furnishing,Bed Linen,Bedsheet Sets
Home Furnishing,Blankets,Comforters
Home Furnishing,Blankets,Quilts
Home Furnishing,Blankets,Dohars
Home Furnishing,Blankets,Fleece Blankets
Home Furnishing,Curtains,Door Curtains
Home Furnishing,Curtains,Window Curtains
Home Furnishing,Curtains,Blackout Curtains
Home Furnishing,Curtains,Sheer Curtains
Home Furnishing,Cushions & Pillows,Cushion Covers
Home Furnishing,Cushions & Pillows,Cushions
Home Furnishing,Cushions & Pillows,Pillow Covers
Home Furnishing,Cushions & Pillows,Sleeping Pillows
Home Furnishing,Cushions & Pillows,Memory Foam Pillows
Home Furnishing,Cushions & Pillows,Pillow Protectors
Home Furnishing,Home Furnishing Sets,Home Furnishing Sets
Home Furnishing,Laundry Bags & Mosquito Nets,Laundry Bags
Home Furnishing,Laundry Bags & Mosquito Nets,Mosquito Nets
Home Furnishing,Rugs & Mats,Bath Mats
Home Furnishing,Rugs & Mats,Carpets
Home Furnishing,Rugs & Mats,Mats
Home Furnishing,Rugs & Mats,Area Rugs
Home Furnishing,Rugs & Mats,Door Mats
Home Furnishing,Rugs & Mats,Runner Rugs
Home Furnishing,Sofa & Chair Covers,Chair Covers
Home Furnishing,Sofa & Chair Covers,Sofa Covers
Home Furnishing,Sofa & Chair Covers,Recliner Covers
Home Furnishing,Sofa & Chair Covers,Cushion Covers
Home Furnishing,Table Linen,Table Cloths
Home Furnishing,Table Linen,Table Runners
Home Furnishing,Towels,Bath Towels
Home Furnishing,Towels,Hand Towels
Home Furnishing,Towels,Kitchen Towels
Home Furnishing,Towels,Face Towels
Home Furnishing,Towels,Bath Sheets
Kitchenware,Cookware,Casseroles
Kitchenware,Cookware,Frying Pans
Kitchenware,Cookware,Kadhai
Kitchenware,Cookware,Pots
Kitchenware,Cookware,Sauce Pans
Kitchenware,Cookware,Tawas
Kitchenware,Crockery,Serving Bowls
Kitchenware,Crockery,Soup Bowls
Kitchenware,Crockery,Casseroles
Kitchenware,Crockery,Melamine Crockery
Kitchenware,Crockery,Porcelain Crockery
Kitchenware,Crockery,Stoneware
Kitchenware,Crockery,Condiment Sets
Kitchenware,Crockery,Crockery Organizers
Kitchenware,Crockery,Coffee Mugs
Kitchenware,Crockery,Tea Cups
Kitchenware,Crockery,Fork Sets
Kitchenware,Crockery,Knife Sets
Kitchenware,Crockery,Spoon Sets
Kitchenware,Crockery,Dinner Plates
Kitchenware,Crockery,Kadhai Serving Sets
Kitchenware,Crockery,Plate Sets
Kitchenware,Crockery,Side Plates
Kitchenware,Crockery,Glassware
Kitchenware,Crockery,Tumblers
Kitchenware,Crockery,Kids Crockery
Kitchenware,Crockery,Salt & Pepper Sets
Kitchenware,Crockery,Serving Platters
Kitchenware,Crockery,Storage Jars
Kitchenware,Dish Racks,Dish Racks
Kitchenware,Dish Racks,Dish Drainers
Kitchenware,Dish Racks,Plate Racks
Kitchenware,Dish Racks,Cutlery Holders
Kitchenware,Disposable Items,Biodegradable Disposables
Kitchenware,Disposable Items,Paper Bowls
Kitchenware,Disposable Items,Disposable Glasses
Kitchenware,Disposable Items,Paper Cups
Kitchenware,Disposable Items,Plastic Cups
Kitchenware,Disposable Items,Disposable Aprons
Kitchenware,Disposable Items,Hair Caps
Kitchenware,Disposable Items,Shoe Covers
Kitchenware,Disposable Items,Paper Plates
Kitchenware,Disposable Items,Plastic Plates
Kitchenware,Disposable Items,Disposable Forks
Kitchenware,Disposable Items,Disposable Knives
Kitchenware,Disposable Items,Straws
Kitchenware,Disposable Items,Wooden Cutlery
Kitchenware,Disposable Items,Aluminium Foil
Kitchenware,Disposable Items,Cling Film
Kitchenware,Disposable Items,Foil Containers
Kitchenware,Disposable Items,Food Wrapping Sheets
Kitchenware,Disposable Items,Takeaway Containers
Kitchenware,Disposable Items,Garbage Bags
Kitchenware,Disposable Items,Paper Napkins
Kitchenware,Disposable Items,Party Disposable Sets
Kitchenware,Disposable Items,Table Covers
Kitchenware,Disposable Items,Tissue Paper
Kitchenware,Kitchen Organizers,Kitchen Organizers
Kitchenware,Kitchen Tools,Colanders
Kitchenware,Kitchen Tools,Cutting Boards
Kitchenware,Kitchen Tools,Ladles
Kitchenware,Kitchen Tools,Measuring Cups
Kitchenware,Kitchen Tools,Measuring Spoons
Kitchenware,Kitchen Tools,Spatulas
Kitchenware,Kitchen Tools,Strainers
Kitchenware,Kitchen Tools,Tongs
Kitchenware,Kitchen Tools,Whisks
Kitchenware,Kitchen Tools,Graters
Kitchenware,Knives,Choppers
Kitchenware,Knives,Knife Sets
Kitchenware,Knives,Peelers
Kitchenware,Knives,Slicers
Kitchenware,Knives,Chef Knives
Kitchenware,Knives,Kitchen Knife Sets
Kitchenware,Knives,Vegetable Knives
Kitchenware,Plastic Household,Drawer Organizers
Kitchenware,Plastic Household,Kitchen Organizers
Kitchenware,Plastic Household,Plastic Racks
Kitchenware,Plastic Household,Plastic Shelves
Kitchenware,Plastic Household,Household Utility Sets
Kitchenware,Plastic Household,Food Containers
Kitchenware,Plastic Household,Lunch Boxes
Kitchenware,Plastic Household,Plastic Jars
Kitchenware,Plastic Household,Plastic Trays
Kitchenware,Plastic Household,Spice Containers
Kitchenware,Plastic Household,Water Bottles
Kitchenware,Plastic Household,Clothes Hangers
Kitchenware,Plastic Household,Dustbins
Kitchenware,Plastic Household,Mugs
Kitchenware,Plastic Household,Water Buckets
Kitchenware,Plastic Household,Plastic Mats
Kitchenware,Plastic Household,Plastic Chairs
Kitchenware,Plastic Household,Plastic Tables
Kitchenware,Plastic Household,Plastic Bins
Kitchenware,Plastic Household,Plastic Crates
Kitchenware,Plastic Household,Plastic Drums
Kitchenware,Plastic Household,Plastic Storage Boxes
Kitchenware,Plastic Household,Plastic Tubs
Kitchenware,Plastic Household,Storage Baskets
Kitchenware,Pressure Cookers,Cooker Accessories
Kitchenware,Pressure Cookers,Spare Gaskets
Kitchenware,Pressure Cookers,Cooker Handles
Kitchenware,Pressure Cookers,Safety Valves
Kitchenware,Stainless Steel,Stainless Steel Utensils
Kitchenware,Stainless Steel,Stainless Steel Containers
Kitchenware,Storage Containers,Food Storage Jars
Kitchenware,Storage Containers,Lunch Boxes
Kitchenware,Storage Containers,Water Bottles
Kitchenware,Storage Containers,Plastic Bins
Kitchenware,Storage Containers,Airtight Containers
Kitchenware,Storage Containers,Spice Containers
Musical Instruments,Drums & Percussion,Cajon
Musical Instruments,Drums & Percussion,Electronic Drums
Musical Instruments,Drums & Percussion,Percussion Instruments
Musical Instruments,Drums & Percussion,Tabla
Musical Instruments,Drums & Percussion,Drum Sets
Musical Instruments,Drums & Percussion,Snare Drums
Musical Instruments,Drums & Percussion,Cymbals
Musical Instruments,Guitars,Acoustic Guitars
Musical Instruments,Guitars,Electric Guitars
Musical Instruments,Guitars,Guitar Strings
Musical Instruments,Guitars,Picks
Musical Instruments,Guitars,Ukuleles
Musical Instruments,Guitars,Classical Guitars
Musical Instruments,Guitars,Bass Guitars
Musical Instruments,Keyboards,Harmoniums
Musical Instruments,Keyboards,Pianos
Musical Instruments,Keyboards,Digital Pianos
Musical Instruments,Keyboards,MIDI Keyboards
Musical Instruments,Keyboards,Keyboard Stands
Musical Instruments,Music Accessories & Audio,Amplifiers
Musical Instruments,Music Accessories & Audio,DJ Equipment
Musical Instruments,Music Accessories & Audio,Instrument Cases
Musical Instruments,Music Accessories & Audio,Instrument Stands
Musical Instruments,Music Accessories & Audio,Karaoke Machines
Musical Instruments,Music Accessories & Audio,Metronomes
Musical Instruments,Music Accessories & Audio,Microphones
Musical Instruments,Music Accessories & Audio,Tuners
Musical Instruments,Music Accessories & Audio,Cables
Musical Instruments,Music Accessories & Audio,Stands
Musical Instruments,Musical Toys,Musical Toys
Musical Instruments,String Instruments,Cellos
Musical Instruments,String Instruments,Violins
Musical Instruments,String Instruments,Violas
Musical Instruments,String Instruments,Violin Accessories
Musical Instruments,Wind Instruments,Mouth Organs
Musical Instruments,Wind Instruments,Saxophones
Party Decorations,Backdrop Decorations,Confetti
Party Decorations,Backdrop Decorations,Party Lights
Party Decorations,Backdrop Decorations,Ribbons
Party Decorations,Backdrop Decorations,Streamers
Party Decorations,Balloons,Balloon Arches
Party Decorations,Balloons,Balloon Sets
Party Decorations,Balloons,Foil Balloons
Party Decorations,Balloons,Latex Balloons
Party Decorations,Birthday Decorations,Birthday Banners
Party Decorations,Birthday Decorations,Birthday Candles
Party Decorations,Birthday Decorations,Cake Toppers
Party Decorations,Birthday Decorations,Candles
Party Decorations,Birthday Decorations,Party Hats
Party Decorations,Festival Decorations,Christmas Decorations
Party Decorations,Festival Decorations,Diwali Decorations
Party Decorations,Festival Decorations,New Year Decorations
Party Decorations,Festival Decorations,Holi Decorations
Party Decorations,Festival Decorations,Gift Bags
Party Decorations,Party Decoration Kits,Party Decoration Kits
Party Decorations,Party Decoration Kits,Party Hats
Party Decorations,Party Decoration Kits,Party Masks
Party Decorations,Party Decoration Kits,Photo Booth Props
Party Decorations,Party Decoration Kits,Masks
Party Decorations,Party Decoration Kits,Costume Props
Party Decorations,Party Tableware,Disposable Cups
Party Decorations,Party Tableware,Disposable Plates
Party Decorations,Party Tableware,Table Decorations
Party Decorations,Return Gifts,Return Gifts
Party Decorations,Wedding Decorations,Anniversary Decorations
Party Decorations,Wedding Decorations,Baby Shower Decorations
Party Decorations,Wedding Decorations,Wedding Backdrops
Party Decorations,Wedding Decorations,Table Decorations
Party Decorations,Wedding Decorations,Flower Decorations
Party Decorations,Wedding Decorations,Banners
Pet Supplies,Aquariums,Aquarium Accessories
Pet Supplies,Aquariums,Fish Tanks
Pet Supplies,Aquariums,Filters
Pet Supplies,Aquariums,Pumps
Pet Supplies,Aquariums,Heaters
Pet Supplies,Aquariums,Aquarium Lights
Pet Supplies,Pet Beds & Houses,Bird Cages
Pet Supplies,Pet Beds & Houses,Cat Houses
Pet Supplies,Pet Beds & Houses,Dog Kennels
Pet Supplies,Pet Beds & Houses,Dog Beds
Pet Supplies,Pet Beds & Houses,Cat Beds
Pet Supplies,Pet Beds & Houses,Kennels
Pet Supplies,Pet Bowls & Feeders,Cat Bowls
Pet Supplies,Pet Bowls & Feeders,Pet Feeding Accessories
Pet Supplies,Pet Bowls & Feeders,Stainless Steel Bowls
Pet Supplies,Pet Bowls & Feeders,Automatic Feeders
Pet Supplies,Pet Clothing,Pet Clothing
Pet Supplies,Pet Collars & Leashes,Dog Leashes
Pet Supplies,Pet Collars & Leashes,Harnesses
Pet Supplies,Pet Collars & Leashes,Cat Collars
Pet Supplies,Pet Collars & Leashes,ID Tags
Pet Supplies,Pet Food,Bird Food
Pet Supplies,Pet Food,Cat Food
Pet Supplies,Pet Food,Fish Food
Pet Supplies,Pet Food,Pet Treats
Pet Supplies,Pet Food,Dry Dog Food
Pet Supplies,Pet Food,Wet Dog Food
Pet Supplies,Pet Food,Puppy Food
Pet Supplies,Pet Food,Treats
Pet Supplies,Pet Grooming,Nail Clippers
Pet Supplies,Pet Grooming,Pet Brushes
Pet Supplies,Pet Grooming,Pet Dental Care
Pet Supplies,Pet Grooming,Pet Shampoo
Pet Supplies,Pet Grooming,Brushes
Pet Supplies,Pet Grooming,Shampoos
Pet Supplies,Pet Grooming,Grooming Kits
Pet Supplies,Pet Toys,Bird Toys
Pet Supplies,Pet Toys,Cat Toys
Pet Supplies,Pet Toys,Chew Toys
Pet Supplies,Pet Toys,Interactive Toys
Pet Supplies,Pet Training,Pet Training
Pet Supplies,Pet Waste Bags,Pet Waste Bags
Sports & Fitness,Badminton,Badminton Rackets
Sports & Fitness,Badminton,Badminton Shuttlecocks
Sports & Fitness,Badminton,Shuttlecocks
Sports & Fitness,Badminton,Nets
Sports & Fitness,Badminton,Grips
Sports & Fitness,Basketball,Basketball
Sports & Fitness,Boxing,Boxing
Sports & Fitness,Carrom,Carrom
Sports & Fitness,Chess,Chess
Sports & Fitness,Cricket,Cricket Accessories
Sports & Fitness,Cricket,Cricket Balls
Sports & Fitness,Cricket,Cricket Bats
Sports & Fitness,Cricket,Batting Gloves
Sports & Fitness,Cricket,Helmets
Sports & Fitness,Cricket,Pads
Sports & Fitness,Cycling,Cycling
Sports & Fitness,Darts,Darts
Sports & Fitness,Fishing,Fishing
Sports & Fitness,Fitness & Gym,Fitness Accessories
Sports & Fitness,Fitness & Gym,Gym Gloves
Sports & Fitness,Fitness & Gym,Resistance Bands
Sports & Fitness,Fitness & Gym,Skipping Ropes
Sports & Fitness,Fitness & Gym,Dumbbells
Sports & Fitness,Fitness & Gym,Exercise Bikes
Sports & Fitness,Fitness & Gym,Kettlebells
Sports & Fitness,Fitness & Gym,Treadmills
Sports & Fitness,Fitness & Gym,Benches
Sports & Fitness,Football,Football Accessories
Sports & Fitness,Football,Footballs
Sports & Fitness,Football,Football Shoes
Sports & Fitness,Football,Goal Posts
Sports & Fitness,Football,Shin Guards
Sports & Fitness,Golf,Golf
Sports & Fitness,Hockey,Hockey
Sports & Fitness,Skating,Skating
Sports & Fitness,Sports Bags,Sports Bags
Sports & Fitness,Sports Shoes,Sports Shoes
Sports & Fitness,Swimming,Swimming
Sports & Fitness,Swimming,Swimming Goggles
Sports & Fitness,Swimming,Caps
Sports & Fitness,Swimming,Kickboards
Sports & Fitness,Swimming,Swimming Accessories
Sports & Fitness,Table Tennis,Table Tennis
Sports & Fitness,Tennis,Tennis
Sports & Fitness,Volleyball,Volleyball
Sports & Fitness,Yoga,Yoga Mats
Sports & Fitness,Yoga,Yoga Blocks
Sports & Fitness,Yoga,Yoga Straps
Sports & Fitness,Yoga,Bolsters
Stationary,Art Supplies,Art Supplies
Stationary,Calculators,Calculators
Stationary,Calculators,Basic
Stationary,Calculators,Scientific
Stationary,Calculators,Financial
Stationary,Calculators,Printing Calculators
Stationary,Files & Folders,Document Folders
Stationary,Files & Folders,Folders
Stationary,Files & Folders,Ring Binders
Stationary,Files & Folders,File Folders
Stationary,Files & Folders,Expanding Files
Stationary,Geometry Boxes,Rulers
Stationary,Geometry Boxes,Scales
Stationary,Geometry Boxes,Compasses
Stationary,Geometry Boxes,Protractors
Stationary,Geometry Boxes,Geometry Sets
Stationary,Glue & Adhesives,Glue Sticks
Stationary,Markers,Highlighters
Stationary,Markers,Sketch Pens
Stationary,Markers,Permanent Markers
Stationary,Markers,Whiteboard Markers
Stationary,Notebooks,Diaries
Stationary,Notebooks,Registers
Stationary,Notebooks,Writing Pads
Stationary,Notebooks,Spiral Notebooks
Stationary,Notebooks,Ruled Notebooks
Stationary,Notebooks,Sketchbooks
Stationary,Office Supplies,Office Supplies
Stationary,Office Supplies,Labels
Stationary,Office Supplies,Printer Paper
Stationary,Office Supplies,Scissors
Stationary,Pencils & Erasers,Erasers
Stationary,Pencils & Erasers,Color Pencils
Stationary,Pencils & Erasers,Crayons
Stationary,Pencils & Erasers,Mechanical Pencils
Stationary,Pens,Ball Pens
Stationary,Pens,Correction Pens
Stationary,Pens,Fountain Pens
Stationary,Pens,Gel Pens
Stationary,Pens,Roller Pens
Stationary,School Supplies,School Supplies
Stationary,School Supplies,Pencil Cases
Stationary,School Supplies,School Bags
Stationary,School Supplies,Lunch Boxes
Stationary,School Supplies,Art Supplies
Tailoring Materials,Buttons & Fasteners,Hooks & Eyes
Tailoring Materials,Buttons & Fasteners,Velcro
Tailoring Materials,Buttons & Fasteners,Zippers
Tailoring Materials,Elastic & Trims,Bias Tapes
Tailoring Materials,Elastic & Trims,Laces
Tailoring Materials,Elastic & Trims,Ribbons
Tailoring Materials,Elastic & Trims,Elastic Bands
Tailoring Materials,Elastic & Trims,Waistband Elastic
Tailoring Materials,Embroidery,Embroidery Kits
Tailoring Materials,Embroidery,Patches
Tailoring Materials,Embroidery,Embroidery Hoops
Tailoring Materials,Embroidery,Frames
Tailoring Materials,Interfacing,Fabric Glue
Tailoring Materials,Interfacing,Fusible Interlining
Tailoring Materials,Interfacing,Non-Woven Interfacing
Tailoring Materials,Measuring & Marking,Marking Tools
Tailoring Materials,Measuring & Marking,Tailor Chalk
Tailoring Materials,Needles,Hand Sewing Needles
Tailoring Materials,Needles,Machine Needles
Tailoring Materials,Needles,Embroidery Needles
Tailoring Materials,Needles,Needles
Tailoring Materials,Scissors,Tailoring Scissors
Tailoring Materials,Scissors,Embroidery Scissors
Tailoring Materials,Scissors,Fabric Cutters
Tailoring Materials,Sewing Kits,Sewing Kits
Tailoring Materials,Sewing Machine Accessories,Bobbin Cases
Tailoring Materials,Sewing Machine Accessories,Bobbins
Tailoring Materials,Sewing Machine Accessories,Presser Feet
Tailoring Materials,Sewing Threads,Cotton Threads
Tailoring Materials,Sewing Threads,Embroidery Threads
Tailoring Materials,Sewing Threads,Polyester Threads
Tools,Automotive Tools,Automotive Tools
Tools,Automotive Tools,Diagnostic Tools
Tools,Automotive Tools,Jack Stands
Tools,Automotive Tools,Torque Wrenches
Tools,Automotive Tools,Car Tool Kits
Tools,Construction Tools,Construction Tools
Tools,Construction Tools,Masonry Tools
Tools,Construction Tools,Concrete Tools
Tools,Construction Tools,Tiling Tools
Tools,Gardening Tools,Gardening Tools
Tools,Hand Tools,Allen Keys
Tools,Hand Tools,Cutters
Tools,Hand Tools,Hammers
Tools,Hand Tools,Pliers
Tools,Hand Tools,Screwdriver Sets
Tools,Hand Tools,Screwdrivers
Tools,Hand Tools,Spanners
Tools,Hand Tools,Wrenches
Tools,Measuring Tools,Calipers
Tools,Measuring Tools,Measuring Tapes
Tools,Measuring Tools,Spirit Levels
Tools,Measuring Tools,Laser Levels
Tools,Power Tools,Angle Grinders
Tools,Power Tools,Cutting Machines
Tools,Power Tools,Drills
Tools,Power Tools,Glue Guns
Tools,Power Tools,Heat Guns
Tools,Power Tools,Impact Drills
Tools,Power Tools,Sanders
Tools,Power Tools,Soldering Tools
Tools,Power Tools,Welding Machines
Tools,Power Tools,Saws
Tools,Safety Equipment,Safety Equipment
Tools,Safety Equipment,Safety Glasses
Tools,Safety Equipment,Gloves
Tools,Safety Equipment,Helmets
Tools,Safety Equipment,Ear Protection
Tools,Tool Boxes & Organizers,Tool Boxes
Tools,Tool Boxes & Organizers,Tool Organizers
Toys & Games,Baby & Bath Toys,Baby Toys
Toys & Games,Baby & Bath Toys,Bath Toys
Toys & Games,Board Games & Puzzles,Card Games
Toys & Games,Board Games & Puzzles,Games Accessories
Toys & Games,Board Games & Puzzles,Party Games
Toys & Games,Board Games & Puzzles,Puzzles
Toys & Games,Board Games & Puzzles,Strategy Games
Toys & Games,Board Games & Puzzles,Family Games
Toys & Games,Board Games & Puzzles,Educational Games
Toys & Games,Dolls & Action Figures,Action Figures
Toys & Games,Dolls & Action Figures,Doll Houses
Toys & Games,Dolls & Action Figures,Fashion Dolls
Toys & Games,Dolls & Action Figures,Doll Accessories
Toys & Games,Educational & Building Toys,Art & Craft Toys
Toys & Games,Educational & Building Toys,Building Blocks
Toys & Games,Educational & Building Toys,Construction Sets
Toys & Games,Educational & Building Toys,Learning Toys
Toys & Games,Educational & Building Toys,STEM Toys
Toys & Games,Educational & Building Toys,Learning Kits
Toys & Games,Educational & Building Toys,Montessori Toys
Toys & Games,Musical Toys,Musical Toys
Toys & Games,Outdoor & Ride-On Toys,Ride Ons
Toys & Games,Outdoor & Ride-On Toys,Scooters
Toys & Games,Outdoor & Ride-On Toys,Sports Toys
Toys & Games,Outdoor & Ride-On Toys,Tricycles
Toys & Games,Outdoor & Ride-On Toys,Playhouses
Toys & Games,Role Play Toys,Magic Kits
Toys & Games,Role Play Toys,Pretend Play
Toys & Games,Role Play Toys,Doctor Sets
Toys & Games,Role Play Toys,Kitchen Sets
Toys & Games,Role Play Toys,Slime & Putty
Toys & Games,Soft Toys,Soft Toys
Toys & Games,Toy Cars & Vehicles,Remote Control Toys
Toys & Games,Toy Cars & Vehicles,Toy Bikes
Toys & Games,Toy Cars & Vehicles,Toy Trains
Toys & Games,Toy Cars & Vehicles,Die-Cast Cars
Toys & Games,Toy Cars & Vehicles,Toy Trucks
Toys & Games,Toy Cars & Vehicles,Construction Vehicles
Travel & Accessories,Luggage Accessories,Luggage Straps
Travel & Accessories,Luggage Accessories,Luggage Tags
Travel & Accessories,Luggage Accessories,Travel Locks
Travel & Accessories,Luggage Accessories,Travel Wallets
Travel & Accessories,Luggage Accessories,Passport Holders
Travel & Accessories,Luggage Accessories,RFID Passport Covers
Travel & Accessories,Rain Covers,Rain Covers
Travel & Accessories,Suitcases,Cabin Luggage
Travel & Accessories,Suitcases,Luggage Sets
Travel & Accessories,Suitcases,Trolley Bags
Travel & Accessories,Suitcases,Check-in Luggage
Travel & Accessories,Suitcases,Hard Shell
Travel & Accessories,Suitcases,Soft Luggage
Travel & Accessories,Travel Accessories,Travel Accessories
Travel & Accessories,Travel Accessories,Power Banks
Travel & Accessories,Travel Accessories,Travel Chargers
Travel & Accessories,Travel Accessories,Universal Adapters
Travel & Accessories,Travel Bags,Backpacks
Travel & Accessories,Travel Bags,Duffel Bags
Travel & Accessories,Travel Bags,Garment Bags
Travel & Accessories,Travel Bags,Laptop Bags
Travel & Accessories,Travel Bags,Sling Bags
Travel & Accessories,Travel Bags,Travel Backpacks
Travel & Accessories,Travel Bags,Waist Bags
Travel & Accessories,Travel Bottles,Water Bottles
Travel & Accessories,Travel Bottles,Toiletry Bottles
Travel & Accessories,Travel Bottles,Travel Containers
Travel & Accessories,Travel Comfort,Eye Masks
Travel & Accessories,Travel Comfort,Travel Blankets
Travel & Accessories,Travel Organizers,Packing Cubes
Travel & Accessories,Travel Organizers,Toiletry Bags
Travel & Accessories,Travel Organizers,Passport Organizers
Travel & Accessories,Travel Organizers,Shoe Bags
Wall Clock & Watches,Alarm Clocks,Stopwatches
Wall Clock & Watches,Alarm Clocks,Table Clocks
Wall Clock & Watches,Alarm Clocks,Digital Alarm Clocks
Wall Clock & Watches,Alarm Clocks,Projection Clocks
Wall Clock & Watches,Alarm Clocks,Travel Alarm Clocks
Wall Clock & Watches,Smart Watches,Fitness Bands
Wall Clock & Watches,Smart Watches,Smart Bands
Wall Clock & Watches,Smart Watches,GPS Watches
Wall Clock & Watches,Wall Clocks,Analog Wall Clocks
Wall Clock & Watches,Wall Clocks,Designer Wall Clocks
Wall Clock & Watches,Wall Clocks,Digital Wall Clocks
Wall Clock & Watches,Wall Clocks,Kids Wall Clocks
Wall Clock & Watches,Wall Clocks,Metal Wall Clocks
Wall Clock & Watches,Wall Clocks,Wooden Wall Clocks
Wall Clock & Watches,Watch Accessories,Watch Accessories
Wall Clock & Watches,Watch Accessories,Watch Boxes
Wall Clock & Watches,Watch Accessories,Watch Straps
Wall Clock & Watches,Watch Accessories,Watch Winders
Wall Clock & Watches,Watches,Automatic Watches
Wall Clock & Watches,Watches,Chronograph Watches
Wall Clock & Watches,Watches,Digital Watches
Wall Clock & Watches,Watches,Mechanical Watches
Wall Clock & Watches,Watches,Quartz Watches
Wall Clock & Watches,Watches,Kids Watches
Wall Clock & Watches,Watches,Luxury Watches
Wall Clock & Watches,Watches,Sports Watches
Wall Clock & Watches,Watches,Women's Watches
Wall Clock & Watches,Watches,Analog Watches
Clothing,Accessories,Applique Patch
Clothing,Accessories,Bandanas
Clothing,Accessories,Caps
Clothing,Accessories,Collar Stays
Clothing,Accessories,Garters
Clothing,Accessories,Handkerchiefs
Clothing,Accessories,Hats
Clothing,Accessories,Mittens
Clothing,Accessories,Socks
Clothing,Accessories,Stockings
Clothing,Accessories,Stoles
Clothing,Accessories,Suspenders
Clothing,Accessories,Ties and Cufflinks
Clothing,Accessories,Turbans
Clothing,Accessories,Wristbands
Clothing,Accessories,Clothing and Accessories
Clothing,Bottomwear,Cargos
Clothing,Bottomwear,Harem Pants
Clothing,Bottomwear,Jeans
Clothing,Bottomwear,Leggings and Jeggings
Clothing,Bottomwear,Palazzos
Clothing,Bottomwear,Shorts
Clothing,Bottomwear,Skirts
Clothing,Bottomwear,Three-Fourths
Clothing,Bottomwear,Track Pants
Clothing,Bottomwear,Trousers
Clothing,Dresses & Western Wear,Dresses and Gowns
Clothing,Dresses & Western Wear,Co-ords
Clothing,Dresses & Western Wear,Dresses
Clothing,Dresses & Western Wear,Gowns
Clothing,Dresses & Western Wear,Jumpsuits and Dungarees
Clothing,Dresses & Western Wear,Men's Dungarees
Clothing,Dresses & Western Wear,Twinning Sets
Clothing,Dresses & Western Wear,Women's Jumpsuits and Dungarees
Clothing,Dresses & Western Wear,Women's Clothing
Clothing,Ethnic Wear,Abayas and Burqas
Clothing,Ethnic Wear,Dhoti Pants
Clothing,Ethnic Wear,Dhotis
Clothing,Ethnic Wear,Dupattas
Clothing,Ethnic Wear,Ethnic Pyjamas
Clothing,Ethnic Wear,Ethnic Sets
Clothing,Ethnic Wear,Kurtas
Clothing,Ethnic Wear,Lehenga Cholis
Clothing,Ethnic Wear,Salwars and Patialas
Clothing,Ethnic Wear,Shararas
Clothing,Ethnic Wear,Sherwanis
Clothing,Ethnic Wear,Women's Lehenga Cholis
Clothing,Ethnic Wear,"Kurtas, Ethnic Sets and Bottoms"
Clothing,Fabrics,Blouse Material
Clothing,Fabrics,Dress Materials
Clothing,Fabrics,Formal Suit Fabrics
Clothing,Fabrics,Shirt and Trouser Fabrics
Clothing,Formal Wear,"Blazers, Waistcoats and Suits"
Clothing,Formal Wear,Blazers
Clothing,Formal Wear,Suits
Clothing,Formal Wear,Waistcoats
Clothing,Kids' & Infant Footwear,Boys Footwear
Clothing,Kids' & Infant Footwear,Girls Footwear
Clothing,Kids' & Infant Footwear,Infants
Clothing,Kids' Clothing,Kids' Clothing
Clothing,Kids' Clothing,Kids' Apparel Combos
Clothing,Kids' Clothing,Kids' Costume Wear
Clothing,Kids' Clothing,Kids' Lehenga Cholis
Clothing,Kids' Clothing,Kids' Raincoats
Clothing,Kids' Clothing,Kids' Rompers and Dungarees
Clothing,Kids' Clothing,Kids' Windcheaters
Clothing,"Lingerie, Sleep & Swimwear",Babydolls
Clothing,"Lingerie, Sleep & Swimwear",Bras
Clothing,"Lingerie, Sleep & Swimwear",Briefs and Trunks
Clothing,"Lingerie, Sleep & Swimwear",Camisoles and Slips
Clothing,"Lingerie, Sleep & Swimwear",Lingerie Sets and Accessories
Clothing,"Lingerie, Sleep & Swimwear",Panties
Clothing,"Lingerie, Sleep & Swimwear",Shapewears
Clothing,"Lingerie, Sleep & Swimwear",Swimsuits
Clothing,"Lingerie, Sleep & Swimwear","Lingerie, Sleep & Swimwear"
Clothing,"Lingerie, Sleep & Swimwear",Night Dresses and Nighties
Clothing,"Lingerie, Sleep & Swimwear",Night Suits
Clothing,"Lingerie, Sleep & Swimwear",Pyjamas and Lounge Pants
Clothing,Men's Clothing,Clothing
Clothing,Men's Clothing,Men's Clothing
Clothing,Men's Footwear,Men's Casual Shoes
Clothing,Men's Footwear,Men's Ethnic Shoes
Clothing,Men's Footwear,Men's Formal Shoes
Clothing,Men's Footwear,Men's Sandals & Floaters
Clothing,Men's Footwear,Men's Slippers & Flip Flops
Clothing,Men's Footwear,Men's Sports Shoes
Clothing,Men's Footwear,Formal Shoes
Clothing,Men's Footwear,Sneakers
Clothing,Men's Footwear,Sandals
Clothing,Men's Footwear,Slippers
Clothing,Men's Footwear,Boots
Clothing,Sarees and Saree Essentials,Blouses
Clothing,Sarees and Saree Essentials,Petticoats
Clothing,Sarees and Saree Essentials,Saree Falls
Clothing,Sarees and Saree Essentials,Sarees
Clothing,Sarees and Saree Essentials,Sarees and Saree Essentials
Clothing,Shoe Care,Shoe Care
Clothing,Shoe Care,Shoe Laces
Clothing,Sports & Gym Wear,Kids' Tracksuits
Clothing,Sports & Gym Wear,Men's Tracksuits
Clothing,Sports & Gym Wear,Tracksuits
Clothing,Sports & Gym Wear,Women's Tracksuits
Clothing,Topwear,Shirts
Clothing,Topwear,T-Shirts
Clothing,Topwear,Tops
Clothing,Winter Wear,Gloves
Clothing,Winter Wear,Jackets
Clothing,Winter Wear,Mufflers
Clothing,Winter Wear,Ponchos
Clothing,Winter Wear,Raincoats
Clothing,Winter Wear,Scarves
Clothing,Winter Wear,Shawls
Clothing,Winter Wear,Sweaters and Cardigans
Clothing,Winter Wear,Sweatshirts
Clothing,Winter Wear,Thermals
Clothing,Winter Wear,Windcheaters
Clothing,Women's Footwear,Women's Ballerinas
Clothing,Women's Footwear,Women's Casual Shoes
Clothing,Women's Footwear,Women's Ethnic Shoes
Clothing,Women's Footwear,Women's Flats
Clothing,Women's Footwear,Women's Formals
Clothing,Women's Footwear,Women's Heels
Clothing,Women's Footwear,Women's Slippers & Flip Flops
Clothing,Women's Footwear,Women's Sports Sandals
Clothing,Women's Footwear,Women's Sports Shoes
Clothing,Women's Footwear,Women's Wedges
Clothing,Women's Footwear,Heels
Clothing,Women's Footwear,Flats
Clothing,Women's Footwear,Sandals
Clothing,Women's Footwear,Sneakers
Clothing,Women's Footwear,Boots
Religion,Aarti & Puja Accessories,Aarti Thalis
Religion,Aarti & Puja Accessories,Agarbatti Stands
Religion,Aarti & Puja Accessories,Diyas & Akhand Lamps
Religion,Aarti & Puja Accessories,Incense Holders
Religion,Aarti & Puja Accessories,Kalash & Panchpatra
Religion,Aarti & Puja Accessories,Puja Bells
Religion,Aarti & Puja Accessories,Puja Chowki & Aasan
Religion,Aarti & Puja Accessories,Puja Thali Sets
Religion,Buddhist & Jain Items,Buddha Statues
Religion,Buddhist & Jain Items,Jain Idols
Religion,Buddhist & Jain Items,Prayer Wheels
Religion,Buddhist & Jain Items,Singing Bowls
Religion,Buddhist & Jain Items,Tibetan Thangka
Religion,Buddhist & Jain Items,Bibles
Religion,Buddhist & Jain Items,Crosses & Crucifixes
Religion,Buddhist & Jain Items,Jesus & Mary Statues
Religion,Buddhist & Jain Items,Rosary Beads
Religion,Festival Decor,Diwali Diyas
Religion,Festival Decor,Festival Wall Decor
Religion,Festival Decor,Rangoli
Religion,Festival Decor,Toran & Door Hangings
Religion,Islamic Items,Attars
Religion,Islamic Items,Prayer Caps
Religion,Islamic Items,Prayer Mats
Religion,Islamic Items,Quran
Religion,Islamic Items,Quran Stands (Rehal)
Religion,Islamic Items,Tasbih
Religion,Malas & Rosaries,Crystal Malas
Religion,Malas & Rosaries,Japa Mala Bags (Gomukhi)
Religion,Malas & Rosaries,Rudraksha Malas
Religion,Malas & Rosaries,Sandalwood Malas
Religion,Malas & Rosaries,Tulsi Malas
Religion,Religious Books,Bhagavad Gita
Religion,Religious Books,Hanuman Chalisa & Aarti Sangrah
Religion,Religious Books,Puranas & Stotras
Religion,Religious Books,Ramayana & Mahabharata
Religion,Religious Jewellery,Kadas (Religious)
Religion,Religious Jewellery,Om Pendants
Religion,Religious Jewellery,Religious Pendants
Religion,Religious Jewellery,Rudraksha Bracelets
Religion,Religious Posters & Frames,God Photo Frames
Religion,Religious Posters & Frames,Religious Wall Art
Religion,Religious Posters & Frames,Religious Wall Posters
Religion,Religious Posters & Frames,Tanjore Paintings
